nickname;birthday
canonar;1998-03-17 08:26:25
varanas;1996-03-04 08:33:06
wanayn;1986-11-27 04:08:30
lakynari;1999-01-30 08:22:58
gasveni;1995-05-12 21:54:40
filant;1991-08-29 05:51:44
ohomim;2000-05-14 13:03:55
dotorucog;1992-02-21 07:57:45
jevusihavup;1974-11-14 08:16:34
wuzitaloqyk;1975-08-23 03:41:23
mayflower;1983-07-05 11:55:54
pralltiller;2004-05-15 17:49:34
quern;1989-07-20 04:36:19
helixo;1980-04-21 22:27:37
ultralex;2000-08-30 01:26:04
henrikom;1996-03-07 01:34:40
geenateliai;1994-10-18 01:45:03
quintent;1991-10-29 11:02:50
mrodem;1994-06-06 06:13:45
chanhaaa;1979-11-02 16:52:36
primat;2003-03-22 09:38:34
barbin;1996-03-15 22:00:10
ratarahaveni;1989-11-09 14:49:09
inester;1990-12-17 17:23:25
mmyaak;1995-03-22 04:55:51